"일차","순서","시간","이름","일본어","종류","예약","메모","위도","경도"
"숙소","","","SPABLIC INN 아카사카","かぷせる旅籠赤坂 SPABLIC INN","숙소","","","35.676047","139.736752"
"수 11.18","1","23:00","곤파치 니시아자부","権八 西麻布","식당","","여력이 있을 때만. 나리타로 들어오면 도착이 늦으니 첫날은 쉬는 쪽을 권합니다.","35.6601742","139.7235797"
"목 11.19","1","9:00","리쿠기엔","六義園","정원, 단풍","","에도 시대 다이묘 정원. 9시에 열어요(입장 마감 16:30). 정문은 駒込역에서 걸어서 7분, 단풍철엔 역에서 2분인 染井門도 엽니다. 평일 아침이라 한산할 때예요. 야간 라이트업은 이번 일정 뒤에 시작합니다.","35.73246","139.748314"
"목 11.19","2","10:30","도쿄국립박물관","東京国立博物館","박물관","특별전 예약제 여부 확인","대덕사 개창 700년 특별전(10/14–12/6)과 히로시게전(9/29–12/20)이 함께 열립니다.","35.7188351","139.7765215"
"목 11.19","3","12:30","국립서양미술관","国立西洋美術館","미술관","","르코르뷔지에가 설계한 세계유산 건물. 건물만 봐도 20분이면 충분합니다.","35.7153869","139.7758138"
"목 11.19","4","13:30","ROUTE BOOKS","","북카페, 점심","","히가시우에노. 카페 안에 서가가 있는 구조.","35.7139296","139.7807258"
"목 11.19","5","15:15","스미다 호쿠사이 미술관","すみだ北斎美術館","미술관","","우키요에 목판화 공정을 따로 보여줍니다. 입장 마감은 보통 폐관 30분 전이니 17시 전에 들어가세요.","35.6963313","139.800414"
"목 11.19","6","17:30","도쿄 스카이트리","東京スカイツリー","전망대","날짜 지정권","해질녘에 올라가면 낮과 야경을 다 봅니다.","35.7100627","139.8107004"
"목 11.19","7","19:30","이즈모 이케부쿠로 장어","いづも 池袋","식당, 저녁","예약","줄이 길어요. 池袋역 서쪽 출구에서 1분. 전 좌석 흡연 가능한 이자카야라 담배 냄새가 밸 수 있어요.","35.7300224","139.7097689"
"목 11.19","8","21:30","Spincoaster Music Bar","","LP바","","요요기역 옆. 음반 신청 가능.","35.6852642","139.6992942"
"금 11.20","1","10:00","도쿄국립근대미술관","東京国立近代美術館","미술관","","다케히사 유메지전(10/23–1/11). 화가이자 시인, 디자이너였던 유메지의 대표작 〈구로후네야〉가 약 40년 만에 나옵니다.","35.6905432","139.7546932"
"금 11.20","2","12:15","책거리 CHEKCCORI","チェッコリ","서점","","한국책 전문 서점. 수~토만 엽니다.","35.6957744","139.7589697"
"금 11.20","3","13:45","난요도 서점","南洋堂書店","서점","","건축 전문 헌책방. 실내 촬영 금지.","35.6952013","139.7610973"
"금 11.20","4","15:00","진보초 북센터","神保町ブックセンター","북카페","","이와나미쇼텐 건물. 산 책 펼쳐보며 커피.","35.6957485","139.7575553"
"금 11.20","5","17:30","기쿠스시","","식당, 저녁","예약","니혼바시 가부토초. 토·일 휴무라 이번엔 이날뿐.","35.6790868","139.7764141"
"금 11.20","6","20:30","THE MUSIC BAR CAVE SHIBUYA","","LP바","","지하 LP바. 8시 넘으면 자리가 찹니다.","35.6608436","139.7029841"
"토 11.21","1","7:30","츠키지 장외시장","築地場外市場","시장","","9시 넘으면 몸싸움. 일요일엔 대부분 닫아 오늘이 유일합니다.","35.6647703","139.7702515"
"토 11.21","2","8:00","우니토라 나카도리점","うに虎 中通り店","식당, 아침","","7시부터. 시장 한복판이라 따로 움직일 필요 없음.","35.6655762","139.7704993"
"토 11.21","3","10:00","국립신미술관","国立新美術館","미술관","","소장품 없이 기획전만 여는 곳이라 무엇이 걸렸는지 미리 확인하세요.","35.6652","139.7264"
"토 11.21","4","12:30","네즈미술관과 네즈카페","根津美術館","미술관","일시 지정 예약","칠기 전시(10/24–11/23). 쿠마 겐고 건물에 일본 정원, 11월 하순이면 단풍 절정. 정원을 먼저 돌고 카페는 나중에.","35.6622568","139.7170937"
"토 11.21","5","14:00","진구가이엔 은행나무길","神宮外苑いちょう並木","사진 스팟, 단풍","","아오야마도리에서 이어지는 300m 은행나무 터널. 절정은 11월 하순~12월 상순이라 21일은 노랗게 물드는 중일 거예요. 토요일이라 붐비니 길 가운데보다 양 끝에서 찍으세요. 은행나무 축제가 이맘때 열리는 해가 많습니다(올해 날짜는 공식 사이트 확인).","35.6745","139.718"
"토 11.21","6","14:50","와타리움 미술관","ワタリウム美術館","미술관","","마리오 보타 설계. 1층 아트북숍 on Sundays가 사실상 본 무대. 은행나무길에서 걸어서 갈 수 있는 거리예요.","35.6707251","139.7133581"
"토 11.21","7","15:50","Utrecht","ユトレヒト","서점","","아트북과 진. 잡화점 2층, 간판이 없어요.","35.6642639","139.7059777"
"토 11.21","8","17:00","SPBS 본점","SHIBUYA PUBLISHING & BOOKSELLERS","서점","","출판사가 직접 운영하는 서점.","35.6642569","139.6933161"
"토 11.21","9","18:15","Bookshelf Fuzkue","本の読める店 fuzkue 初台","북카페, 저녁 겸","","하츠다이. 조용히 앉아 읽는 곳이라 오늘의 휴식 시간이기도 합니다.","35.6802894","139.6869601"
"토 11.21","10","21:00","Little Soul Cafe","リトルソウルカフェ","LP바","","시모키타자와의 소울 LP바. 자리값 500엔.","35.6632436","139.6692659"
"일 11.22","1","10:00","아티존 미술관","アーティゾン美術館","미술관","일시 지정 예약","교바시. 유럽에 간 일본 서양화가들, 후지이 히카루와 소장품의 협업 등 전시 세 개가 동시에 열립니다(10/24–1/31).","35.6787634","139.7718919"
"일 11.22","2","11:30","긴자 츠타야 서점","銀座 蔦屋書店","서점","","GINZA SIX 6층, 10:30에 엽니다. 아트와 사진집 서가가 압권. 짐 부칠 책은 여기서 마지막으로.","35.6694161","139.7642674"
"일 11.22","3","12:30","시세이도 갤러리","資生堂ギャラリー","갤러리","","긴자 지하. 30분이면 됩니다.","35.668557","139.7618936"
"일 11.22","4","13:00","모리오카 서점","森岡書店 銀座店","서점","","책 한 권만 파는 5평 서점. 13시에 여는데 13:25쯤 긴자를 떠나야 하니 짧게 보세요.","35.6720587","139.7718447"
